Horário,Linha
6:30,345
7:00,345
7:30,345
8:00,345
8:30,345
9:00,345
9:15,101
9:30,345
9:30,101
9:30,171
9:45,101
10:00,101
10:00,345
10:15,101
10:30,101
10:30,171
10:30,345
10:45,101
11:00,101
11:00,345
11:15,101
11:30,101
11:30,171
11:30,345
11:45,101
12:00,101
12:00,345
12:15,101
12:30,101
12:30,171
12:30,345
12:45,101
13:00,101
13:00,345
13:15,101
13:30,101
13:30,171
13:30,345
13:45,101
14:00,101
14:00,345
14:15,101
14:30,101
14:30,171
14:30,345
14:45,101
15:00,101
15:00,345
15:15,101
15:30,101
15:30,171
15:30,345
15:45,101
16:00,101
16:00,345
16:15,101
16:30,101
16:30,171
16:30,345
16:45,101
17:00,101
17:00,345
17:15,101
17:30,101
17:30,171
17:30,345
17:45,101
18:00,101
18:00,345
18:15,101
18:30,101
18:30,171
18:30,345
18:45,101
19:00,101
19:00,345
19:15,101
19:30,101
19:30,171
19:30,345
19:45,101
20:00,101
20:00,345
20:15,101
20:30,101
20:30,171
20:30,345
20:45,101
21:00,101
21:00,345
21:15,101
21:30,101
21:30,171
